USE WT_FLETNIX

-- Maak de database WT_FLETNIX leeg
DELETE FROM Movie_Directors;
DELETE FROM Movie_Cast;
DELETE FROM Movie_Cast;
DELETE FROM Person;
DELETE FROM Movie;
DELETE FROM Genre;
DELETE FROM Customer;

INSERT INTO Genre
VALUES	('Action'),
		('Adventure'),
		('Animation'),
		('Comedy'),
		('Drama'),
		('Family'),
		('Fantasy'),
		('Horror'),
		('Music'),
		('Mystery'),
		('Romance'),
		('Sci-Fi'),
		('Thriller'),
		('Popular'),
		('Trending')

INSERT INTO Movie
VALUES	(1,		'The Matrix',									1999,	122,	'A computer hacker learns from mysterious rebels about the true nature of his reality and his role in the war against its controllers.',																																																																																				'https://static.independent.co.uk/s3fs-public/thumbnails/image/2017/02/01/09/the-matrix.jpg',																									'https://www.youtube.com/watch?v=m8e-FF8MsqU'),
		(2,		'Star Wars: The Last Jedi',						2017,	152,	'Having taken her first steps into the Jedi world, Rey joins Luke Skywalker on an adventure with Leia, Finn and Poe that unlocks mysteries of the Force and secrets of the past.',																																																																										'https://hdqwalls.com/download/star-wars-the-last-jedi-2017-8d-2560x1700.jpg',																													'https://www.youtube.com/watch?v=Q0CbN8sfihY'),
		(3,		'The Hobbit: An Unexpected Journey',			2012,	169,	'A well mannered Hobbit named Bilbo Baggins, embarks upon a journey to take back a kingdom, and a very important jewel ,with twelve dwarves, and a wizard named Gandalf the Grey. Halfway throughout the journey, Bilbo embarks upon a magic golden ring, which he stole, or earned from Gollum.',																																														'http://www.watermarkonline.com/wp-content/uploads/2014/12/sdcc-14-the-hobbit-the-battle-of-the-five-armies-c_dt5y.1920.jpg',																	'https://www.youtube.com/watch?v=SDnYMbYB-nU'),
		(4,		'Harry Potter and the Philosopher''s Stone',	2001,	152,	'On his eleventh birthday, Harry Potter discovers that he is no ordinary boy. Hagrid, a beetle-eyed giant, tells Harry that he is a wizard and has a place at Hogwarts School of Witchcraft and Wizardry. In his first year of magical education, Harry tackles a fully grown mountain troll, learns to play Quidditch, and participates in a thrilling ''live'' game of chess.',																										'https://images.hellogiggles.com/uploads/2016/09/05191403/harrypotter.jpg',																														'https://www.youtube.com/watch?v=PbdM1db3JbY'),
		(5,		'Jurassic World',								2015,	124,	'22 years after the original Jurassic Park failed, the new park (also known as Jurassic World) is open for business. After years of studying genetics the scientists on the park genetically engineer a new breed of dinosaur. When everything goes horribly wrong, will our heroes make it off the island?',																																											'https://i0.wp.com/media2.slashfilm.com/slashfilm/wp/wp-content/images/Jurassic-World-Trailer-Still-72.jpg',																					'https://www.youtube.com/watch?v=RFinNxS5KN4'),
		(6,		'Despicable Me',								2010,	95,		'It follows the story of Gru, a super-villain who adopts three girls from an orphanage; and Vector, a rival of Gru who steals the Great Pyramid of Giza. When Gru learns of Vector''s heist, he plans an even greater heist: to shrink and steal the Earth''s moon.',																																																					'http://www.mediasmarties.nl/media/uploads/producties/v/ver/Verschrikkelijke%20Ikke_2.jpg',																										'https://www.youtube.com/watch?v=sUkZFetWYY0'),
		(7,		'Titanic',										1997,	195,	'A seventeen-year-old aristocrat falls in love with a kind but poor artist aboard the luxurious, ill-fated R.M.S. Titanic.',																																																																																							'https://www.hdwallpapers.in/walls/titanic_movie-HD.jpg',																																		'https://www.youtube.com/watch?v=2e-eXJ6HgkQ'),
		(8,		'Back to the Future',							1985,	165,	'Marty McFly, a typical American teenager of the Eighties, is accidentally sent back to 1955 in a plutonium-powered DeLorean ''time machine'' invented by a slightly mad scientist. During his often hysterical, always amazing trip back in time, Marty must make certain his teenage parents-to-be meet and fall in love - so he can get back to the future.',																														'http://www.savethecat.com/wp-content/uploads/2015/10/landscapebackto.jpg',																														'https://www.youtube.com/watch?v=qvsgGtivCgs'),
		(9,		'Dr. Strange',									2016,	115,	'Marvel''s ''Doctor Strange'' follows the story of the talented neurosurgeon Doctor Stephen Strange who, after a tragic car accident, must put ego aside and learn the secrets of a hidden world of mysticism and alternate dimensions. Based in New York City''s Greenwich Village, Doctor Strange must act as an intermediary between the real world and what lies beyond, utilising a vast array of metaphysical abilities and artifacts to protect the Marvel Cinematic Universe.',	'http://www.chicagonow.com/hammervision/files/2016/11/3125839-doctor-strange-movie-composer-cumberbatch-1.jpg',																					'https://www.youtube.com/watch?v=HSzx-zryEgM'),
		(10,	'Alice Through the Looking Glass',				2016,	113,	'Alice returns to the magical world of Underland, only to find the Hatter in a horrible state. With the help of her friends, Alice must travel through time to save the Mad Hatter and Underland''s fate from the evil clutches of the Red Queen and a clock like creature, known as Time.',																																															'https://www.moviedeskback.com/wp-content/uploads/2016/03/Alice_Through_The_Looking_Glass_HD_Screencaps-9.png',																					'https://www.youtube.com/watch?v=x3IWwnNe5mc'),
		(11,	'The Maze Runner',								2014,	113,	'A teen wakes up in a clearing in the center of a gigantic maze with no memory of his past, finding himself a resident in community of boys who have built a village in the glade and who sends two of its strongest and fittest runners into the maze every morning to find a way out. Every night the doors to the maze close and creatures known as ''grievers'' kill those who are stuck inside. Nobody ever survives a night in the maze, but there must be a way out.',			'http://www.gucca.dk/blog/wp-content/uploads/2015/01/the-maze-runner-dvd-dansk-940x500.jpg',																									'https://www.youtube.com/watch?v=AwwbhhjQ9Xk'),
		(12,	'Amélie',										2001,	123,	'Amélie is a shy waitress in a Montmartre café. After returning a long-lost childhood treasure to a former occupant of her apartment, and seeing the effect it has on him, she decides to set out on a mission to make others happy and in the meantime pursues a quirky guy who collects discarded photo booth pictures.',																																								'https://pmd205465tn-a.akamaihd.net/Miramax/293/258/Nwb2d3NTrUWzPGPm5V0sqQgSRbDueK9Z_1920x1080_251728963986.jpg',																				'https://www.youtube.com/watch?v=HUECWi5pX7o'),
		(13,	'Inkheart',										2008,	106,	'Mo has the special talent to bring characters out of books. One night he brings out three characters from Inkheart, a story set in medieval times and filled with magical beings. Capricorn and Basta, two villains, and Dustfinger, a fire-eater. Now, 10 years later Meggie discovers the truth and it''s up to her to escape Capricorn''s evil grasp.',																																'https://images.fandango.com/r1.0.258/ImageRenderer/1040/650/redesign/areas/movie/moviesubpages/img/noimage_900x900.jpg/110017/images/masterrepository/fandango/110017/inkheart-mv-13.jpg',		'https://www.youtube.com/watch?v=6wKm5vU6SSU'),
		(14,	'Divergent',									2014,	140,	'In a world divided by factions based on virtues, Tris learns she''s Divergent and won''t fit in. When she discovers a plot to destroy Divergents, Tris and the mysterious Four must find out what makes Divergents dangerous before it''s too late.',																																																									'https://s-i.huffpost.com/gen/1601772/images/o-NEW-DIVERGENT-TRAILER-facebook.jpg',																												'https://www.youtube.com/watch?v=sutgWjz10sM'),
		(15,	'The Hunger Games',								2012,	142,	'Katniss Everdeen voluntarily takes her younger sister''s place in the Hunger Games: a televised competition in which two teenagers from each of the twelve Districts of Panem are chosen at random to fight to the death.',																																																															'http://pixel.nymag.com/imgs/daily/vulture/2013/11/25/25-catching-fire-1.w1200.h630.jpg',																										'https://www.youtube.com/watch?v=mfmrPu43DF8'),
		(16,	'War for the Planet of the Apes',				2017,	140,	'Caesar and his apes are forced into a deadly conflict with an army of humans led by a ruthless Colonel. After the apes suffer unimaginable losses, Caesar wrestles with his darker instincts and begins his own mythic quest to avenge his kind. As the journey finally brings them face to face, Caesar and the Colonel are pitted against each other in an epic battle that will determine the fate of both their species and the future of the planet.',							'http://www.cityweekend.com.cn/sites/default/files/storage/article/images/sliders/Plante-of-the-apes.jpg',																						'https://www.youtube.com/watch?v=qxjPjPzQ1iU'),
		(17,	'Pitch Perfect',								2012,	112,	'Beca, a freshman at Barden University, is cajoled into joining The Bellas, her school''s all-girls singing group. Injecting some much needed energy into their repertoire, The Bellas take on their male rivals in a campus competition.',																																																												'http://theweeklyspoon.com/wp-content/uploads/2017/06/nintchdbpict000298325676.jpg',																											'https://www.youtube.com/watch?v=8dItOM6eYXY'),
		(18,	'Justice League',								2017,	120,	'After the events of Doomsday, Bruce and Diana search the world only to find three extraordinary meta-humans. As new enemies arise Batman, Wonder Woman, the Flash, Cyborg, and Aquaman must form the well known alliance Justice League to save the world from mount destruction.',																																																	'http://maxlevel.org/wp-content/uploads/2017/10/Justice-League-Movie-Costumes-Official.jpg',																									'https://www.youtube.com/watch?v=r9-DM9uBtVI'),
		(19,	'Thor: Ragnarok',								2017,	130,	'Thor is imprisoned on the other side of the universe and finds himself in a race against time to get back to Asgard to stop Ragnarok, the destruction of his homeworld and the end of Asgardian civilization, at the hands of an all-powerful new threat, the ruthless Hela.',																																																			'http://giantsizeteamup.com/breakingthepanel/wp-content/uploads/2017/11/Thor-Ragnarok-International-Character-Posters-feat.jpg',																'https://www.youtube.com/watch?v=ue80QwXMRHg'),
		(20,	'Paddington',									2014,	95,		'A young Peruvian bear travels to London in search of a home. Finding himself lost and alone at Paddington Station, he meets the kindly Brown family, who offer him a temporary haven.',																																																																								'http://odysseypictures.co.uk/wp-content/uploads/2017/11/6040242.jpg',																															'https://www.youtube.com/watch?v=X-d-V9jXYDE'),
		(21,	'The LEGO Movie',								2014,	100,	'The LEGO Movie is a 3D animated film which follows lead character, Emmet a completely ordinary LEGO mini-figure who is identified as the most ''extraordinary person'' and the key to saving the Lego universe. Emmet and his friends go on an epic journey to stop the evil tyrant, Lord Business.',																																													'https://i.ytimg.com/vi/W5YsU826l20/maxresdefault.jpg',																																			'https://www.youtube.com/watch?v=fZ_JOBCLF-I'),
		(22,	'The Dark Tower',								2017,	95,		'The last Gunslinger, Roland Deschain, has been locked in an eternal battle with Walter O''Dim, also known as the Man in Black, determined to prevent him from toppling the Dark Tower, which holds the universe together. With the fate of the worlds at stake, good and evil will collide in the ultimate battle as only Roland can defend the Tower from the Man in Black.',																											'https://www.hdwallpapers.in/walls/the_dark_tower_2017_4k-wide.jpg',																															'https://www.youtube.com/watch?v=GjwfqXTebIY'),
		(23,	'Deadpool',										2016,	108,	'This is the origin story of former Special Forces operative turned mercenary Wade Wilson, who after being subjected to a rogue experiment that leaves him with accelerated healing powers, adopts the alter ego Deadpool. Armed with his new abilities and a dark, twisted sense of humor, Deadpool hunts down the man who nearly destroyed his life.',																																'http://thehypedgeek.com/wp-content/uploads/2016/02/Deadpool-Photo-Vancouver-Highway-Header.jpg',																								'https://www.youtube.com/watch?v=gtTfd6tISfw'),
		(24,	'Fantastic Beasts and Where to Find Them',		2016,	133,	'It opens in 1926 as Newt Scamander has just completed a global excursion to find and document an extraordinary array of magical creatures. Arriving in New York for a brief stopover, he might have come and gone without incident, were it not for a No-Maj (American for Muggle) named Jacob, a misplaced magical case, and the escape of some of Newt''s fantastic beasts, which could spell trouble for both the wizarding and No-Maj worlds.',									'https://a.ltrbxd.com/resized/sm/upload/0p/ks/s8/3n/fantastic-beasts-1200-1200-675-675-crop-000000.jpg?k=5c5c1424c3',																			'https://www.youtube.com/watch?v=ViuDsy7yb8M'),
		(25,	'Beauty and the Beast',							2017,	129,	'Disney''s animated classic takes on a new form, with a widened mythology and an all-star cast. A young prince, imprisoned in the form of a beast, can be freed only by true love. What may be his only opportunity arrives when he meets Belle, the only human girl to ever visit the castle since it was enchanted.',																																									'http://blitz.arc.unsw.edu.au/wp-content/uploads/2017/04/eu_batb_flex-hero_header_r_430eac8d.jpeg',																								'https://www.youtube.com/watch?v=e3Nl_TCQXuw'),
		(26,	'Miss Peregrine''s Home for Peculiar Children',	2016,	127,	'When Jacob discovers clues to a mystery that stretches across time, he finds Miss Peregrine''s Home for Peculiar Children. But the danger deepens after he gets to know the residents and learns about their special powers.',																																																															'https://resizing.flixster.com/cPcokJmdnmW3PjNnAq2EFU50Xis=/2000x1076/v1.bjsxMDU2ODA4O2o7MTc2MDc7MTIwMDsyMDAwOzEwNzY',																			'https://www.youtube.com/watch?v=tV_IhWE4LP0'),
		(27,	'Frozen',										2013,	102,	'When the newly-crowned Queen Elsa accidentally uses her power to turn things into ice to curse her home in infinite winter, her sister Anna teams up with a mountain man, his playful reindeer, and a snowman to change the weather condition.',																																																										'https://lumiere-a.akamaihd.net/v1/images/image_b349f970.jpeg',																																	'https://www.youtube.com/watch?v=TbQm5doF_Uc'),
		(28,	'Rise of the Guardians',						2012,	97,		'When an evil spirit known as Pitch lays down the gauntlet to take over the world, the immortal Guardians must join forces for the first time to protect the hopes, beliefs, and imaginations of children all over the world.',																																																															'https://images-na.ssl-images-amazon.com/images/I/81vo0%2BYokDL._SL1500_.jpg',																													'https://www.youtube.com/watch?v=aPLiBxhoug0'),
		(29,	'It',											2017,	135,	'In the Town of Derry, the local kids are disappearing one by one, leaving behind bloody remains. In a place known as ''The Barrens'', a group of seven kids are united by their horrifying and strange encounters with an evil clown and their determination to kill It.',																																																				'http://www.kiss1077.ca/wp-content/uploads/sites/30/2017/09/pennywise-it-2017-1024x576.jpg',																									'https://www.youtube.com/watch?v=FnCdOQsX5kc'),
		(30,	'The Da Vinci Code',							2006,	174,	'Professor Robert Langdon is in Paris on business when he''s summoned to The Louvre. A dead body has been found, setting Langdon off on an adventure as he attempts to unravel an ancient code and uncover the greatest mystery of all time.',																																																											'http://1.bp.blogspot.com/-aPE6SolV1FQ/UUeQz05Wh4I/AAAAAAAAL-I/PMET469Qyuo/s1600/da_vinci_code_dan_brown.jpg',																					'https://www.youtube.com/watch?v=lfqHb6INj3w')

INSERT INTO Person
VALUES	(001,	'Keanu Reeves'),
		(002,	'Daisy Ridley'),
		(003,	'Martin Freeman'),
		(004,	'Daniel Radcliffe'),
		(005,	'Chris Pratt'),
		(006,	'Steve Carell'),
		(007,	'Leonardo DiCaprio'),
		(008,	'Michael J. Fox'),
		(009,	'Benedict Cumberbatch'),
		(010,	'Johnny Depp'),
		(011,	'Dylan O''Brien'),
		(012,	'Audrey Tautou'),
		(013,	'Brendan Fraser'),
		(014,	'Shailene Woodley'),
		(015,	'Jennifer Lawrence'),
		(016,	'Andy Serkis'),
		(017,	'Anna Kendrick'),
		(018,	'Ben Affleck'),
		(019,	'Chris Hemsworth'),
		(020,	'Ben Whishaw'),
		(021,	'Matthew McConaughey'),
		(022,	'Ryan Reynolds'),
		(023,	'Eddie Redmayne'),
		(024,	'Emma Watson'),
		(025,	'Asa Butterfield'),
		(026,	'Kristen Bell'),
		(027,	'Chris Pine'),
		(028,	'Bill Skarsgård'),
		(029,	'Tom Hanks'),
		(030,	'Carrie-Anne Moss'),
		(031,	'John Boyega'),
		(032,	'Ian McKellen'),
		(033,	'Rupert Grint'),
		(034,	'Bryce Dallas Howard'),
		(035,	'Russell Brand'),
		(036,	'Kate Winslet'),
		(037,	'Christopher Lloyd'),
		(038,	'Tilda Swinton'),
		(039,	'Anne Hathaway'),
		(040,	'Thomas Brodie-Sangster'),
		(041,	'Mathieu Kassovitz'),
		(042,	'Eliza Bennett'),
		(043,	'Theo James'),
		(044,	'Josh Hutcherson'),
		(045,	'Woody Harrelson'),
		(046,	'Rebel Wilson'),
		(047,	'Henry Cavill'),
		(048,	'Tom Hiddleston'),
		(049,	'Hugh Bonneville'),
		(050,	'Will Arnett'),
		(051,	'Idris Elba'),
		(052,	'Morena Baccarin'),
		(053,	'Katherine Waterston'),
		(054,	'Dan Stevens'),
		(055,	'Eva Green'),
		(056,	'Idina Menzel'),
		(057,	'Alec Baldwin'),
		(058,	'Finn Wolfhard'),
		(059,	'Laurence Fishburne'),
		(060,	'Mark Hamill'),
		(061,	'Nick Robinson'),
		(062,	'Jason Segel'),
		(063,	'Billy Zane'),
		(064,	'Lea Thompson'),
		(065,	'Rachel McAdams'),
		(066,	'Mia Wasikowska'),
		(067,	'Ki Hong Lee'),
		(068,	'Jamel Debbouze'),
		(069,	'Paul Bettany'),
		(070,	'Miles Teller'),
		(071,	'Liam Hemsworth'),
		(072,	'Steve Zahn'),
		(073,	'Brittany Snow'),
		(074,	'Amy Adams'),
		(075,	'Cate Blanchett'),
		(076,	'Sally Hawkins'),
		(077,	'Elizabeth Banks'),
		(078,	'Tom Taylor'),
		(079,	'T.J. Miller'),
		(080,	'Dan Fogler'),
		(081,	'Luke Evans'),
		(082,	'Ella Purnell'),
		(083,	'Josh Gad'),
		(084,	'Jude Law'),
		(085,	'Sophia Lillis'),
		
		(086,	'Lana Wachowski'),
		(087,	'Lilly Wachowski'),
		(088,	'Rian Johnson'),
		(089,	'Peter Jackson'),
		(090,	'Chris Columbus'),
		(091,	'Colin Trevorrow'),
		(092,	'Pierre Coffin'),
		(093,	'Chris Renaud'),
		(094,	'James Cameron'),
		(095,	'Robert Zemeckis'),
		(096,	'Scott Derrickson'),
		(097,	'James Bobin'),
		(098,	'Wes Ball'),
		(099,	'Jean-Pierre Jeunet'),
		(100,	'Iain Softley'),
		(101,	'Neil Burger'),
		(102,	'Gary Ross'),
		(103,	'Matt Reeves'),
		(104,	'Jason Moore'),
		(105,	'Zack Snyder'),
		(106,	'Taika Waititi'),
		(107,	'Paul King'),
		(108,	'Phil Lord'),
		(109,	'Nikolaj Arcel'),
		(110,	'Tim Miller'),
		(111,	'David Yates'),
		(112,	'Bill Condon'),
		(113,	'Tim Burton'),
		(114,	'Chris Buck'),
		(115,	'Peter Ramsey'),
		(116,	'Andy Muschietti'),
		(117,	'Ron Howard')

INSERT INTO Movie_Genre
VALUES	(1,		'Action'),	
		(1,		'Sci-Fi'),
		(2,		'Trending'),
		(2,		'Fantasy'),
		(2,		'Sci-Fi'),
		(3,		'Popular'),
		(3,		'Adventure'),
		(3,		'Fantasy'),
		(4,		'Adventure'),
		(4,		'Sci-Fi'),
		(5,		'Adventure'),
		(5,		'Sci-Fi'),
		(6,		'Trending'),
		(6,		'Popular'),
		(6,		'Animation'),
		(6,		'Family'),
		(7,		'Drama'),
		(7,		'Romance'),
		(8,		'Comedy'),
		(8,		'Sci-Fi'),
		(9,		'Trending'),
		(9,		'Popular'),
		(9,		'Action'),
		(9,		'Fantasy'),
		(10,	'Trending'),
		(10,	'Adventure'),
		(10,	'Fantasy'),
		(11,	'Sci-Fi'),
		(11,	'Thriller'),
		(12,	'Comedy'),
		(12,	'Romance'),
		(13,	'Trending'),
		(13,	'Adventure'),
		(13,	'Fantasy'),
		(14,	'Adventure'),
		(14,	'Sci-Fi'),
		(15,	'Sci-Fi'),
		(15,	'Thriller'),
		(16,	'Sci-Fi'),
		(16,	'Thriller'),
		(17,	'Trending'),
		(17,	'Comedy'),
		(17,	'Music'),
		(18,	'Fantasy'),
		(18,	'Sci-Fi'),
		(19,	'Action'),
		(19,	'Sci-Fi'),
		(20,	'Animation'),
		(20,	'Family'),
		(21,	'Action'),
		(21,	'Animation'),
		(22,	'Fantasy'),
		(22,	'Sci-Fi'),
		(23,	'Action'),
		(23,	'Comedy'),
		(24,	'Action'),
		(24,	'Fantasy'),
		(25,	'Popular'),
		(25,	'Fantasy'),
		(25,	'Romance'),
		(26,	'Adventure'),
		(26,	'Fantasy'),
		(27,	'Popular'),
		(27,	'Animation'),
		(27,	'Family'),
		(28,	'Popular'),
		(28,	'Animation'),
		(28,	'Family'),
		(29,	'Horror'),
		(29,	'Thriller'),
		(30,	'Mystery'),
		(30,	'Thriller')

INSERT INTO Movie_Cast
VALUES	(1,		001),
		(1,		030),
		(1,		059),

		(2,		002),
		(2,		031),
		(2,		060),

		(3,		003),
		(3,		032),
		(3,		009),

		(4,		004),
		(4,		033),
		(4,		024),

		(5,		005),
		(5,		034),
		(5,		061),

		(6,		006),
		(6,		035),
		(6,		062),

		(7,		007),
		(7,		036),
		(7,		063),

		(8,		008),
		(8,		037),
		(8,		064),

		(9,		009),
		(9,		038),
		(9,		065),

		(10,	010),
		(10,	039),
		(10,	066),

		(11,	011),
		(11,	040),
		(11,	067),

		(12,	012),
		(12,	041),
		(12,	068),

		(13,	013),
		(13,	042),
		(13,	069),

		(14,	014),
		(14,	043),
		(14,	070),

		(15,	015),
		(15,	044),
		(15,	071),

		(16,	016),
		(16,	045),
		(16,	072),

		(17,	017),
		(17,	046),
		(17,	073),

		(18,	018),
		(18,	047),
		(18,	074),

		(19,	019),
		(19,	048),
		(19,	075),

		(20,	020),
		(20,	049),
		(20,	076),

		(21,	005),
		(21,	050),
		(21,	077),

		(22,	021),
		(22,	051),
		(22,	078),

		(23,	022),
		(23,	052),
		(23,	079),

		(24,	023),
		(24,	053),
		(24,	080),

		(25,	024),
		(25,	054),
		(25,	081),

		(26,	025),
		(26,	055),
		(26,	082),

		(27,	026),
		(27,	056),
		(27,	083),

		(28,	027),
		(28,	057),
		(28,	084),

		(29,	028),
		(29,	058),
		(29,	085),

		(30,	029),
		(30,	012),
		(30,	032)

INSERT INTO Movie_Directors
VALUES	(1,		086),
		(1,		087),
		(2,		088),
		(3,		089),
		(4,		090),
		(5,		091),
		(6,		092),
		(6,		093),
		(7,		094),
		(8,		095),
		(9,		096),
		(10,	097),
		(11,	098),
		(12,	099),
		(13,	100),
		(14,	101),
		(15,	102),
		(16,	103),
		(17,	104),
		(18,	105),
		(19,	106),
		(20,	107),
		(21,	108),
		(22,	109),
		(23,	110),
		(24,	111),
		(25,	112),
		(26,	113),
		(27,	114),
		(28,	115),
		(29,	116),
		(30,	117)

-- Select all
SELECT * FROM Genre;
SELECT * FROM Movie;
SELECT * FROM Person;
SELECT * FROM Movie_Genre;
SELECT * FROM Movie_Cast;
SELECT * FROM Movie_Directors;
SELECT * FROM Customer;